policy_id,customer_id,policy_type,state,coverage_limit,premium_amount,effective_date,expiration_date
POL-100001,CUST-20171,AUTO,IL,30322.92,320.95,2022-04-22,2023-04-22
POL-100002,CUST-20026,Renters,GA,40109.2,1273.39,2023-04-30,2024-04-29
POL-100003,CUST-20223,Home,wa,373132.34,9165.18,2022-12-02,2023-12-02
POL-100004,CUST-20441,Renters,GA,10830.75,266.67,2023-10-17,2024-10-16
POL-100005,CUST-20470,Health,TX,47381.3,1683.17,2022-03-22,2023-03-22
POL-100006,CUST-20415,Renters,GA,57447.69,761.88,2023-10-19,2024-10-18
POL-100007,CUST-20271,Auto,FL,90981.85,3249.38,2022-03-31,2023-03-31
POL-100008,CUST-20283,Home,OH,207306.3,6005.67,2022-10-07,2023-10-07
POL-100009,CUST-20362,Auto,co,16741.11,226.04,2022-03-01,2023-03-01
POL-100010,CUST-97615,Home,CA,305638.75,4504.31,2022-09-16,2023-09-16
POL-100011,CUST-20445,Health,WA,39154.08,1352.71,2022-05-11,2023-05-11
POL-100012,CUST-20349,Home,wa,324005.92,6338.84,2023-09-23,2024-09-22
POL-100013,CUST-20293,Auto,wa,24491.2,306.6,2023-05-01,2024-04-30
POL-100014,CUST-20317,Health,FL,37072.67,1037.53,2022-04-19,2023-04-19
POL-100015,CUST-98336,Renters,TX,13618.79,332.22,2022-11-20,2023-11-20
POL-100016,CUST-20446,Health,il,23075.44,817.78,2022-07-16,2023-07-16
POL-100017,CUST-20188,Home,WA,566601.97,15899.94,2023-11-10,2024-11-09
POL-100018,CUST-20211,Auto,OH,61952.62,2383.51,2022-11-08,2023-11-08
POL-100019,CUST-20233,Renters,WA,74133.77,1493.17,2023-11-07,2024-11-06
POL-100020,CUST-20454,Health,TX,15794.36,535.32,2023-11-19,2024-11-18
POL-100021,CUST-20336,Renters,CO,14139.62,296.06,2023-11-16,2024-11-15
POL-100022,CUST-20277,Auto,AZ,20951.94,410.26,2023-08-24,2024-08-23
POL-100023,CUST-20393,Life,IL,116863.47,2186.27,2023-03-13,2024-03-12
POL-100024,CUST-20490,Life,wa,800596.07,29751.76,2022-07-21,2023-07-21
POL-100025,CUST-20035,Health,AZ,40667.96,1092.12,2023-08-28,2024-08-27
POL-100026,CUST-20209,Renters,NY,50041.2,1043.08,2023-07-12,2024-07-11
POL-100027,CUST-20415,Life,CA,210376.43,4857.01,2023-06-06,2024-06-05
POL-100028,CUST-20168,Health,CO,37977.14,451.42,2022-06-21,2023-06-21
POL-100029,CUST-20347,Health,TX,5932.98,196.48,2022-05-29,2023-05-29
POL-100030,CUST-20292,HEALTH,IL,18497.84,574.08,2022-01-24,2023-01-24
POL-100031,CUST-20354,Home,FL,577534.02,21938.86,2023-01-08,2024-01-08
POL-100032,CUST-20263,Renters,GA,36021.35,747.56,2022-01-25,2023-01-25
POL-100033,CUST-91404,Life,FL,816238.45,26882.6,2023-09-18,2024-09-17
POL-100034,CUST-20379,Auto,il,70472.25,2419.24,2022-07-15,2023-07-15
POL-100035,CUST-20441,Life,FL,660104.12,25561.42,2022-12-05,2023-12-05
POL-100036,CUST-20434,Home,az,317018.37,10191.37,2023-05-01,2024-04-30
POL-100037,CUST-20312,Life,AZ,952341.64,19076.28,2023-06-02,2024-06-01
POL-100038,CUST-20332,Home,CO,497560.8,10433.9,2022-12-16,2023-12-16
POL-100039,CUST-20347,Renters,CO,40000.12,490.0,2022-06-25,2023-06-25
POL-100040,CUST-20447,Life,CO,68376.19,2242.02,2022-08-20,2023-08-20
POL-100041,CUST-95309,AUTO,GA,53484.53,1534.2,2022-03-06,2023-03-06
POL-100042,CUST-20308,health ,wa,38297.82,864.0,2023-07-01,2024-06-30
POL-100043,CUST-20284,Home,CA,338951.46,5108.29,2022-10-07,2023-10-07
POL-100044,CUST-20400,Health,FL,40724.26,1424.99,2022-10-23,2023-10-23
POL-100045,CUST-95085,Home,IL,577238.44,20929.99,2022-10-27,2023-10-27
POL-100046,CUST-20138,Home,TX,521236.69,16096.82,2022-06-27,2023-06-27
POL-100047,CUST-20160,Home,OH,225461.75,7446.77,2023-07-13,2024-07-12
POL-100048,CUST-20212,Home,AZ,317153.88,7338.55,2023-02-04,2024-02-04
POL-100049,CUST-20404,renters ,il,30726.57,831.11,2022-08-18,2023-08-18
POL-100050,CUST-20234,Renters,GA,52815.0,1440.09,2022-10-20,2023-10-20
POL-100051,CUST-20355,Health,CO,19318.42,319.53,2023-01-16,2024-01-16
POL-100052,CUST-20336,Renters,TX,64921.0,1237.72,2022-07-19,2023-07-19
POL-100053,CUST-20264,Health,il,24719.93,314.99,2023-07-24,2024-07-23
POL-100054,CUST-20273,Auto,CA,40583.23,510.17,2022-04-26,2023-04-26
POL-100055,CUST-20230,auto ,WA,44215.63,1383.02,2023-07-30,2024-07-29
POL-100056,CUST-20238,Auto,CO,97787.3,2812.04,2022-09-06,2023-09-06
POL-100057,CUST-20296,Life,oh,305838.36,9083.79,2023-10-09,2024-10-08
POL-100058,CUST-20310,Home,FL,507548.58,17647.24,2022-03-16,2023-03-16
POL-100059,CUST-20268,Renters,NY,44690.11,1668.44,2022-04-14,2023-04-14
POL-100060,CUST-20030,Home,CA,370077.38,6876.53,2022-12-19,2023-12-19
POL-100061,CUST-20379,Auto,CO,59115.66,2227.09,2022-06-17,2023-06-17
POL-100062,CUST-20164,home ,TX,570542.32,14159.37,2023-10-13,2024-10-12
POL-100063,CUST-20451,Health,IL,27387.34,806.88,2023-11-04,2024-11-03
POL-100064,CUST-20123,AUTO,IL,53060.55,1407.12,2023-08-29,2024-08-28
POL-100065,CUST-20196,Home,TX,731263.88,27767.85,2022-10-24,2023-10-24
POL-100066,CUST-20479,Health,co,42830.84,591.56,2022-11-24,2023-11-24
POL-100067,CUST-20272,Auto,CA,62304.29,1307.94,2022-09-17,2023-09-17
POL-100068,CUST-20169,Renters,NY,69266.71,1344.49,2023-02-03,2024-02-03
POL-100069,CUST-20257,Home,CO,704997.85,12090.98,2022-01-12,2023-01-12
POL-100070,CUST-20098,HEALTH,ca,23917.58,927.98,2023-05-12,2024-05-11
POL-100071,CUST-20116,Health,OH,31796.9,1207.15,2023-03-23,2024-03-22
POL-100072,CUST-20180,Auto,NY,60802.27,1023.98,2022-03-10,2023-03-10
POL-100073,CUST-20449,Home,WA,563425.9,14450.3,2023-10-25,2024-10-24
POL-100074,CUST-20309,Life,OH,530199.51,7472.92,2022-02-08,2023-02-08
POL-100075,CUST-20224,Auto,TX,27318.15,1035.03,2022-07-25,2023-07-25
POL-100076,CUST-20406,Renters,WA,72143.79,2812.02,2023-01-20,2024-01-20
POL-100077,CUST-20003,Health,il,21100.52,240.04,2023-05-01,2024-04-30
POL-100078,CUST-20479,Life,WA,576230.91,18490.84,2022-01-10,2023-01-10
POL-100079,CUST-20147,Renters,NY,52123.02,604.0,2023-11-12,2024-11-11
POL-100080,CUST-20466,Auto,CA,34795.04,1084.79,2023-10-31,2024-10-30
POL-100081,CUST-20359,Auto,NY,19682.21,696.65,2023-10-21,2024-10-20
POL-100082,CUST-20058,Life,TX,989627.1,17253.15,2023-07-25,2024-07-24
POL-100083,CUST-20347,Renters,OH,13517.49,532.46,2023-08-14,2024-08-13
POL-100084,CUST-20336,Health,OH,39524.73,933.81,2022-10-04,2023-10-04
POL-100085,CUST-20398,Home,CA,410866.82,15393.16,2023-11-03,2024-11-02
POL-100086,CUST-20200,Renters,IL,33128.96,384.14,2022-07-16,2023-07-16
POL-100087,CUST-20096,Life,GA,633271.81,12270.49,2023-01-10,2024-01-10
POL-100088,CUST-90016,Home,OH,543013.38,20872.62,2023-07-25,2024-07-24
POL-100089,CUST-20329,life ,CO,392550.88,6834.29,2022-10-09,2023-10-09
POL-100090,CUST-20411,Home,NY,134418.71,4697.91,2023-05-09,2024-05-08
POL-100091,CUST-20138,Health,GA,8527.09,328.85,2022-11-22,2023-11-22
POL-100092,CUST-20276,Health,NY,36776.64,1373.46,2023-09-26,2024-09-25
POL-100093,CUST-20316,Home,NY,629386.57,9894.99,2023-09-06,2024-09-05
POL-100094,CUST-20375,Renters,OH,21433.73,832.52,2022-07-19,2023-07-19
POL-100095,CUST-20051,Life,NY,326486.08,11008.59,2022-02-06,2023-02-06
POL-100096,CUST-20234,Renters,tx,21101.36,400.35,2023-01-17,2024-01-17
POL-100097,CUST-20016,Auto,NY,72246.66,1260.89,2023-08-24,2024-08-23
POL-100098,CUST-20309,Auto,TX,78908.71,2870.52,2022-12-19,2023-12-19
POL-100099,CUST-20284,Health,OH,19416.76,368.17,2023-10-16,2024-10-15
POL-100100,CUST-20147,LIFE,IL,76346.03,1731.51,2023-03-31,2024-03-30
POL-100101,CUST-20247,Life,GA,112174.25,3055.59,2023-09-08,2024-09-07
POL-100102,CUST-20311,Life,TX,703539.43,19030.16,2023-01-10,2024-01-10
POL-100103,CUST-20312,Health,WA,32167.69,900.36,2023-06-02,2024-06-01
POL-100104,CUST-20476,Health,CO,45619.13,1182.94,2023-02-12,2024-02-12
POL-100105,CUST-20274,HEALTH,NY,43762.67,899.72,2022-03-23,2023-03-23
POL-100106,CUST-20228,Home,IL,191406.83,3188.13,2023-10-28,2024-10-27
POL-100107,CUST-20002,Auto,CO,82428.98,1392.27,2022-06-22,2023-06-22
POL-100108,CUST-20291,Auto,NY,80665.71,2991.5,2023-11-23,2024-11-22
POL-100109,CUST-20145,auto ,AZ,61272.91,876.0,2022-02-19,2023-02-19
POL-100110,CUST-20241,Life,FL,642321.77,13736.0,2023-02-16,2024-02-16
POL-100111,CUST-20155,health ,WA,45880.16,766.62,2022-11-11,2023-11-11
POL-100112,CUST-20317,Health,az,15542.98,380.35,2022-07-04,2023-07-04
POL-100113,CUST-20419,Auto,FL,56952.12,890.33,2023-06-01,2024-05-31
POL-100114,CUST-20128,Life,GA,405618.79,12186.87,2022-06-25,2023-06-25
POL-100115,CUST-20389,Life,AZ,496994.05,5860.35,2022-09-06,2023-09-06
POL-100116,CUST-20238,Home,TX,369949.89,8314.36,2022-03-06,2023-03-06
POL-100117,CUST-20255,Health,CO,25142.21,269.4,2023-10-22,2024-10-21
POL-100118,CUST-20311,Renters,NY,27809.51,1071.01,2022-09-11,2023-09-11
POL-100119,CUST-20407,Renters,WA,67395.44,2575.94,2023-03-19,2024-03-18
POL-100120,CUST-20064,Life,IL,770945.6,17746.98,2023-10-25,2024-10-24
POL-100121,CUST-20432,Home,WA,709377.72,13492.25,2022-10-22,2023-10-22
POL-100122,CUST-20052,Renters,IL,48559.03,1341.35,2022-06-27,2023-06-27
POL-100123,CUST-20457,Renters,TX,38649.01,676.78,2023-10-07,2024-10-06
POL-100124,CUST-20450,Auto,AZ,43090.98,1262.03,2022-03-10,2023-03-10
POL-100125,CUST-20413,Health,IL,17780.97,362.48,2022-10-12,2023-10-12
POL-100126,CUST-20255,Life,CA,386397.5,7629.1,2022-07-16,2023-07-16
POL-100127,CUST-20284,Renters,FL,63854.46,1684.07,2022-01-16,2023-01-16
POL-100128,CUST-20265,Auto,CO,16561.44,534.06,2023-03-08,2024-03-07
POL-100129,CUST-20064,Renters,AZ,42641.04,1422.79,2022-05-09,2023-05-09
POL-100130,CUST-20258,Auto,NY,57037.91,1102.27,2022-04-05,2023-04-05
POL-100131,CUST-20152,Renters,TX,64553.75,981.24,2022-10-29,2023-10-29
POL-100132,CUST-20343,Life,NY,314362.74,7709.57,2022-05-03,2023-05-03
POL-100133,CUST-20292,Renters,TX,65891.63,886.66,2023-04-01,2024-03-31
POL-100134,CUST-20059,Life,NY,371754.05,9653.41,2023-03-26,2024-03-25
POL-100135,CUST-98973,Renters,AZ,54092.72,711.63,2022-04-17,2023-04-17
POL-100136,CUST-20036,Home,IL,590934.36,15782.46,2022-12-23,2023-12-23
POL-100137,CUST-20212,HOME,GA,436143.86,9344.87,2022-12-03,2023-12-03
POL-100138,CUST-20055,Health,NY,19159.12,703.43,2023-07-15,2024-07-14
POL-100139,CUST-20002,Health,WA,49719.94,758.55,2022-08-07,2023-08-07
POL-100140,CUST-20092,Health,OH,14517.55,435.69,2023-05-22,2024-05-21
POL-100141,CUST-20467,Home,CA,596965.88,20708.13,2022-04-04,2023-04-04
POL-100142,CUST-20146,Home,GA,296589.6,4826.41,2023-10-26,2024-10-25
POL-100143,CUST-20398,Health,CO,8265.62,175.97,2023-01-15,2024-01-15
POL-100144,CUST-20358,Renters,ny,46561.51,1684.43,2022-05-29,2023-05-29
POL-100145,CUST-20282,Auto,WA,17808.78,225.99,2022-03-23,2023-03-23
POL-100146,CUST-20163,auto ,AZ,70517.34,2125.37,2022-08-18,2023-08-18
POL-100147,CUST-20196,Renters,NY,18068.55,232.92,2022-12-11,2023-12-11
POL-100148,CUST-20096,Home,FL,118184.6,3481.96,2022-03-27,2023-03-27
POL-100149,CUST-20023,Life,CO,315863.94,5442.27,2023-04-08,2024-04-07
POL-100150,CUST-20479,Life,IL,681321.54,9286.42,2022-03-07,2023-03-07
POL-100151,CUST-20437,Home,FL,448668.62,5710.54,2022-12-03,2023-12-03
POL-100152,CUST-20039,Health,AZ,7958.72,239.21,2023-08-25,2024-08-24
POL-100153,CUST-20018,Renters,IL,61454.94,1467.1,2022-02-21,2023-02-21
POL-100154,CUST-20305,Auto,TX,49182.41,1526.94,2023-03-02,2024-03-01
POL-100155,CUST-20117,Health,TX,8421.86,154.53,2023-05-27,2024-05-26
POL-100156,CUST-90743,Life,GA,910004.04,35006.65,2023-08-02,2024-08-01
POL-100157,CUST-20408,Health,TX,6727.82,67.9,2023-01-22,2024-01-22
POL-100158,CUST-20081,life ,fl,779489.92,18361.94,2022-04-28,2023-04-28
POL-100159,CUST-91662,Life,GA,774308.93,22679.12,2023-03-31,2024-03-30
POL-100160,CUST-20335,Renters,TX,39117.82,1224.37,2023-05-21,2024-05-20
POL-100161,CUST-20346,Home,CO,492942.71,5161.84,2022-11-04,2023-11-04
POL-100162,CUST-20420,Renters,OH,40297.83,1469.26,2022-02-23,2023-02-23
POL-100163,CUST-20244,Renters,wa,60718.49,1800.17,2022-05-16,2023-05-16
POL-100164,CUST-20074,Life,TX,640499.79,22096.2,2023-05-16,2024-05-15
POL-100165,CUST-20169,Auto,WA,39764.11,867.78,2022-08-19,2023-08-19
POL-100166,CUST-20210,AUTO,CA,68605.78,2375.73,2023-04-18,2024-04-17
POL-100167,CUST-20174,Home,TX,308902.64,4650.33,2022-06-24,2023-06-24
POL-100168,CUST-20065,Health,GA,17251.53,399.71,2022-10-07,2023-10-07
POL-100169,CUST-20264,Health,GA,9430.83,272.08,2023-04-30,2024-04-29
POL-100170,CUST-20117,Renters,FL,68271.2,1383.58,2022-09-08,2023-09-08
POL-100171,CUST-20337,Life,IL,958559.99,21652.76,2022-10-29,2023-10-29
POL-100172,CUST-20338,Auto,TX,60538.22,2379.27,2022-08-31,2023-08-31
POL-100173,CUST-20281,Life,CO,724531.82,18233.04,2022-04-15,2023-04-15
POL-100174,CUST-20066,Health,GA,38955.11,942.68,2022-12-26,2023-12-26
POL-100175,CUST-20380,Life,NY,735495.28,12261.05,2023-10-17,2024-10-16
POL-100176,CUST-20381,Home,CA,149982.11,4195.71,2022-04-29,2023-04-29
POL-100177,CUST-20291,Life,TX,547499.84,13041.77,2023-11-28,2024-11-27
POL-100178,CUST-20023,auto ,CA,24985.58,950.36,2023-02-07,2024-02-07
POL-100179,CUST-20438,Health,FL,10028.23,391.34,2023-11-23,2024-11-22
POL-100180,CUST-20390,Auto,WA,42040.12,775.85,2023-01-23,2024-01-23
POL-100181,CUST-20367,Renters,ny,71099.3,2759.92,2022-04-22,2023-04-22
POL-100182,CUST-20071,Home,WA,555429.91,21471.28,2022-08-15,2023-08-15
POL-100183,CUST-20344,Auto,NY,29873.14,1066.45,2023-09-16,2024-09-15
POL-100184,CUST-20328,Life,AZ,637288.81,12023.59,2022-03-15,2023-03-15
POL-100185,CUST-20342,Auto,OH,65696.77,872.37,2023-04-24,2024-04-23
POL-100186,CUST-20236,Health,OH,40639.54,1188.96,2022-01-15,2023-01-15
POL-100187,CUST-20188,Renters,ca,16957.65,281.32,2023-01-08,2024-01-08
POL-100188,CUST-20304,Health,CA,18128.36,438.91,2022-07-22,2023-07-22
POL-100189,CUST-20363,Health,GA,15378.18,291.06,2022-01-12,2023-01-12
POL-100190,CUST-20162,Health,TX,29816.73,429.65,2022-10-09,2023-10-09
POL-100191,CUST-20381,Health,TX,38899.37,914.8,2022-05-08,2023-05-08
POL-100192,CUST-20319,Life,FL,436746.5,11881.42,2023-12-02,2024-12-01
POL-100193,CUST-20155,Renters,IL,20249.48,744.08,2023-03-03,2024-03-02
POL-100194,CUST-20184,Renters,WA,17485.36,461.85,2022-03-08,2023-03-08
POL-100195,CUST-20069,Renters,wa,72721.44,1030.88,2022-11-15,2023-11-15
POL-100196,CUST-20397,Renters,NY,55422.67,2175.67,2023-09-24,2024-09-23
POL-100197,CUST-20069,Health,AZ,49812.27,1017.77,2023-01-28,2024-01-28
POL-100198,CUST-20421,Health,CA,33159.35,1269.05,2022-03-13,2023-03-13
POL-100199,CUST-20219,Renters,GA,50594.96,1830.76,2022-11-24,2023-11-24
POL-100200,CUST-20462,Life,TX,712696.75,7915.94,2023-01-02,2024-01-02
POL-100201,CUST-20486,renters ,FL,32459.31,1194.98,2022-05-10,2023-05-10
POL-100202,CUST-20433,Auto,CO,54848.05,1262.55,2023-05-24,2024-05-23
POL-100203,CUST-20003,Renters,TX,29819.81,441.1,2023-04-24,2024-04-23
POL-100204,CUST-20065,Renters,GA,53476.76,1169.01,2023-02-28,2024-02-28
POL-100205,CUST-20179,life ,WA,888000.57,10030.59,2022-03-29,2023-03-29
POL-100206,CUST-20250,Renters,CO,66832.71,853.53,2022-03-05,2023-03-05
POL-100207,CUST-20200,Renters,IL,63528.68,1508.22,2022-10-31,2023-10-31
POL-100208,CUST-20082,Auto,OH,77914.87,1833.07,2023-05-21,2024-05-20
POL-100209,CUST-20157,Life,GA,200609.0,7712.55,2022-07-13,2023-07-13
POL-100210,CUST-20448,Renters,CA,51761.07,851.19,2023-06-12,2024-06-11
POL-100211,CUST-20126,Home,NY,487734.26,7944.65,2022-10-30,2023-10-30
POL-100212,CUST-20278,Home,CA,361259.01,10063.5,2023-05-20,2024-05-19
POL-100213,CUST-20152,Home,ca,496674.22,6575.04,2023-11-30,2024-11-29
POL-100214,CUST-20024,Life,WA,232938.56,5531.69,2022-07-28,2023-07-28
POL-100215,CUST-20274,Life,CA,540349.63,19299.85,2022-11-02,2023-11-02
POL-100216,CUST-20422,Health,FL,30952.94,1063.1,2022-05-08,2023-05-08
POL-100217,CUST-20284,Renters,GA,34030.97,531.96,2023-01-20,2024-01-20
POL-100218,CUST-20115,Health,TX,17586.12,189.04,2022-07-23,2023-07-23
POL-100219,CUST-20261,auto ,WA,45951.14,1335.57,2022-12-19,2023-12-19
POL-100220,CUST-20452,Health,FL,42888.75,730.99,2023-02-04,2024-02-04
POL-100221,CUST-20003,Home,NY,558748.36,18200.21,2022-09-06,2023-09-06
POL-100222,CUST-20214,Health,CA,36104.85,1404.53,2022-04-28,2023-04-28
POL-100223,CUST-20071,Renters,IL,47692.38,1111.55,2023-08-23,2024-08-22
POL-100224,CUST-20350,Home,CO,448919.2,4553.32,2023-11-10,2024-11-09
POL-100225,CUST-20163,Home,fl,104369.79,2589.21,2022-12-20,2023-12-20
POL-100226,CUST-20149,Home,WA,344785.45,4844.04,2022-10-08,2023-10-08
POL-100227,CUST-20452,Home,IL,330286.82,9658.79,2022-10-06,2023-10-06
POL-100228,CUST-20259,Renters,NY,43981.04,962.84,2023-09-27,2024-09-26
POL-100229,CUST-20388,Auto,CO,80453.76,933.31,2023-03-04,2024-03-03
POL-100230,CUST-20259,Health,CA,44876.32,1363.07,2023-03-28,2024-03-27
POL-100231,CUST-20349,Home,TX,372666.57,11460.22,2023-04-15,2024-04-14
POL-100232,CUST-20071,Auto,TX,94835.65,2811.42,2022-04-19,2023-04-19
POL-100233,CUST-20421,Home,OH,534423.37,16600.75,2022-10-10,2023-10-10
POL-100234,CUST-20012,Auto,AZ,92832.96,3405.09,2022-07-24,2023-07-24
POL-100235,CUST-20035,Renters,ny,28158.59,300.53,2022-09-23,2023-09-23
POL-100236,CUST-20106,renters ,FL,28057.99,587.0,2023-04-26,2024-04-25
POL-100237,CUST-20079,Health,CA,16135.45,382.72,2023-10-25,2024-10-24
POL-100238,CUST-20467,Home,IL,709692.0,11128.41,2023-06-26,2024-06-25
POL-100239,CUST-20133,Home,FL,347974.84,12176.08,2023-11-26,2024-11-25
POL-100240,CUST-20014,renters ,CA,18519.06,380.96,2022-09-21,2023-09-21
POL-100241,CUST-20035,Home,FL,458080.28,15153.7,2022-04-13,2023-04-13
POL-100242,CUST-20097,Life,CA,868750.3,15358.99,2023-01-08,2024-01-08
POL-100243,CUST-20298,Renters,OH,71902.77,1657.04,2022-09-06,2023-09-06
POL-100244,CUST-20292,Renters,FL,18513.09,273.43,2022-10-18,2023-10-18
POL-100245,CUST-20341,Home,FL,384288.89,13202.27,2022-01-29,2023-01-29
POL-100246,CUST-20152,Renters,OH,14483.98,239.35,2023-06-15,2024-06-14
POL-100247,CUST-20306,Renters,IL,62113.06,2155.38,2022-08-30,2023-08-30
POL-100248,CUST-20011,Life,WA,240023.91,2805.12,2023-08-12,2024-08-11
POL-100249,CUST-91306,Renters,IL,52512.16,1775.87,2022-08-22,2023-08-22
POL-100250,CUST-20300,Home,OH,132349.46,3398.51,2023-10-21,2024-10-20
POL-100251,CUST-20152,Home,CO,192187.51,5386.23,2023-06-03,2024-06-02
POL-100252,CUST-20300,Auto,OH,24557.53,342.66,2022-11-03,2023-11-03
POL-100253,CUST-20191,Life,CO,563522.81,21644.83,2023-03-19,2024-03-18
POL-100254,CUST-20259,Home,GA,118593.52,1539.58,2023-05-23,2024-05-22
POL-100255,CUST-20062,Auto,AZ,32166.55,1107.84,2022-01-18,2023-01-18
POL-100256,CUST-20380,Health,OH,15812.85,287.17,2023-05-13,2024-05-12
POL-100257,CUST-20138,Renters,GA,37908.92,1353.51,2022-04-03,2023-04-03
POL-100258,CUST-20382,Health,WA,17612.06,425.36,2022-06-20,2023-06-20
POL-100259,CUST-20091,Home,NY,408727.38,10213.12,2022-07-06,2023-07-06
POL-100260,CUST-20004,Health,FL,25063.56,855.99,2023-07-17,2024-07-16
POL-100261,CUST-20498,Health,AZ,13995.32,351.73,2022-06-17,2023-06-17
POL-100262,CUST-20277,Renters,ga,18516.67,669.2,2023-04-28,2024-04-27
POL-100263,CUST-20489,Home,IL,376223.23,15026.77,2023-09-06,2024-09-05
POL-100264,CUST-20250,Home,IL,531131.93,8563.07,2022-12-19,2023-12-19
POL-100265,CUST-20217,Home,OH,701147.99,13187.09,2022-12-25,2023-12-25
POL-100266,CUST-20122,Home,GA,514960.27,16970.86,2023-09-27,2024-09-26
POL-100267,CUST-20255,Health,IL,9648.21,149.78,2023-12-02,2024-12-01
POL-100268,CUST-20202,Health,WA,24200.54,502.34,2023-02-15,2024-02-15
POL-100269,CUST-20120,RENTERS,FL,30532.45,552.82,2022-06-05,2023-06-05
POL-100270,CUST-20497,Life,NY,392535.87,15484.47,2022-01-31,2023-01-31
POL-100271,CUST-20168,Home,CA,397993.8,9446.88,2022-01-14,2023-01-14
POL-100272,CUST-20332,Renters,OH,26282.88,412.39,2022-09-03,2023-09-03
POL-100273,CUST-20191,Health,CO,16584.61,606.49,2023-01-06,2024-01-06
POL-100274,CUST-20103,Home,CO,676056.92,10223.64,2022-06-12,2023-06-12
POL-100275,CUST-20047,Auto,fl,48712.71,1335.36,2023-09-21,2024-09-20
POL-100276,CUST-20117,AUTO,OH,62046.52,995.38,2022-01-12,2023-01-12
POL-100277,CUST-20234,Health,GA,7777.81,263.66,2022-07-20,2023-07-20
POL-100278,CUST-20438,Auto,TX,26035.76,570.84,2022-02-05,2023-02-05
POL-100279,CUST-20408,Life,CO,774174.09,23658.02,2023-08-27,2024-08-26
POL-100280,CUST-20319,Renters,CO,36542.64,1241.69,2022-08-26,2023-08-26
POL-100281,CUST-20403,Health,fl,49696.48,1212.53,2023-06-26,2024-06-25
POL-100282,CUST-20260,AUTO,NY,90222.19,2312.1,2022-08-17,2023-08-17
POL-100283,CUST-20133,Health,CO,22472.2,891.83,2022-01-11,2023-01-11
POL-100284,CUST-20353,Life,az,783393.66,11017.16,2023-02-22,2024-02-22
POL-100285,CUST-20396,Home,CA,451716.16,9655.95,2022-12-29,2023-12-29
POL-100286,CUST-95232,Health,IL,27297.79,891.83,2023-08-21,2024-08-20
POL-100287,CUST-20366,Health,GA,20185.69,565.86,2023-12-02,2024-12-01
POL-100288,CUST-20252,Auto,OH,35249.73,821.14,2023-05-19,2024-05-18
POL-100289,CUST-20041,Health,NY,45014.23,1445.26,2022-12-30,2023-12-30
POL-100290,CUST-20384,Home,NY,335883.48,6162.38,2022-01-26,2023-01-26
POL-100291,CUST-20392,AUTO,ny,66254.43,1606.7,2023-05-23,2024-05-22
POL-100292,CUST-20393,Renters,CO,74190.46,1400.9,2022-08-28,2023-08-28
POL-100293,CUST-20268,Renters,fl,69852.41,1190.01,2022-07-09,2023-07-09
POL-100294,CUST-20254,Renters,WA,62088.28,2232.79,2023-04-17,2024-04-16
POL-100295,CUST-20237,Health,AZ,13501.04,314.78,2023-06-29,2024-06-28
POL-100296,CUST-20271,Renters,OH,56214.85,1256.98,2022-09-11,2023-09-11
POL-100297,CUST-20078,Renters,WA,16983.48,560.91,2023-07-17,2024-07-16
POL-100298,CUST-20462,Life,NY,512297.12,7958.47,2022-01-07,2023-01-07
POL-100299,CUST-20295,Health,CA,7308.8,187.25,2023-10-10,2024-10-09
POL-100300,CUST-20230,Health,CO,18153.83,624.47,2023-11-25,2024-11-24
POL-100301,CUST-20214,Life,GA,199666.68,2094.84,2022-08-27,2023-08-27
POL-100302,CUST-20335,Life,GA,912289.71,20555.48,2023-05-03,2024-05-02
POL-100303,CUST-20406,Auto,IL,87561.09,2373.68,2023-11-29,2024-11-28
POL-100304,CUST-20178,Life,GA,886845.23,33833.39,2023-10-20,2024-10-19
POL-100305,CUST-20463,Renters,WA,15482.09,284.43,2022-04-07,2023-04-07
POL-100306,CUST-20232,Home,CA,219049.98,8476.93,2022-09-20,2023-09-20
POL-100307,CUST-20215,Renters,WA,55157.52,2083.31,2023-05-07,2024-05-06
POL-100308,CUST-20268,Home,ga,740417.87,24991.68,2022-10-27,2023-10-27
POL-100309,CUST-20024,Health,CO,44337.19,1694.74,2022-12-17,2023-12-17
POL-100310,CUST-20438,Home,GA,496083.99,17159.7,2023-09-05,2024-09-04
POL-100311,CUST-20181,Auto,OH,97832.03,2362.07,2023-07-19,2024-07-18
POL-100312,CUST-20014,Health,GA,14752.64,442.02,2023-10-18,2024-10-17
POL-100313,CUST-20312,Home,AZ,136024.5,2622.87,2023-01-19,2024-01-19
POL-100314,CUST-20101,Home,WA,344888.47,11776.94,2023-03-20,2024-03-19
POL-100315,CUST-20189,Health,FL,6078.22,119.45,2023-01-23,2024-01-23
POL-100316,CUST-20339,Health,IL,18799.79,561.67,2022-04-06,2023-04-06
POL-100317,CUST-20473,Health,TX,44389.34,1083.73,2022-07-31,2023-07-31
POL-100318,CUST-99283,Health,OH,42978.33,974.1,2022-06-22,2023-06-22
POL-100319,CUST-20185,Renters,co,42655.88,837.46,2022-01-08,2023-01-08
POL-100320,CUST-20324,Auto,NY,31670.57,1162.79,2022-03-24,2023-03-24
POL-100321,CUST-20212,Home,CO,491532.5,8870.51,2023-08-14,2024-08-13
POL-100322,CUST-20179,Life,fl,561792.49,12441.18,2022-11-28,2023-11-28
POL-100323,CUST-20422,Auto,CO,18131.77,560.32,2022-12-04,2023-12-04
POL-100324,CUST-20026,Renters,NY,66414.54,1877.01,2023-10-05,2024-10-04
POL-100325,CUST-20191,Auto,GA,27554.53,622.31,2022-01-27,2023-01-27
POL-100326,CUST-20041,Health,NY,14162.41,213.99,2023-06-30,2024-06-29
POL-100327,CUST-90575,Renters,IL,29127.74,1074.2,2023-06-20,2024-06-19
POL-100328,CUST-20336,auto ,GA,86655.99,2929.75,2023-03-19,2024-03-18
POL-100329,CUST-20224,Life,NY,931666.01,12331.28,2023-07-12,2024-07-11
POL-100330,CUST-20481,HOME,CO,242341.96,2738.85,2023-10-20,2024-10-19
POL-100331,CUST-20408,Auto,CO,15352.73,448.86,2023-02-04,2024-02-04
POL-100332,CUST-20174,life ,co,438096.93,11813.85,2023-02-06,2024-02-06
POL-100333,CUST-20279,Life,GA,875342.7,16280.11,2022-02-20,2023-02-20
POL-100334,CUST-20322,Renters,TX,25899.14,897.13,2023-02-23,2024-02-23
POL-100335,CUST-20422,HOME,CO,116139.26,4387.67,2023-05-17,2024-05-16
POL-100336,CUST-20086,Renters,OH,32555.12,358.19,2023-05-03,2024-05-02
POL-100337,CUST-20195,Health,co,14759.11,183.4,2023-02-10,2024-02-10
POL-100338,CUST-20359,renters ,TX,64910.69,757.26,2022-06-03,2023-06-03
POL-100339,CUST-20402,Renters,IL,13472.97,383.29,2023-05-18,2024-05-17
POL-100340,CUST-20468,Home,GA,236482.06,4738.37,2023-05-27,2024-05-26
POL-100341,CUST-20334,Health,CO,40384.37,919.24,2022-07-04,2023-07-04
POL-100342,CUST-20108,Health,CO,37822.12,698.0,2022-06-19,2023-06-19
POL-100343,CUST-20463,Auto,CA,26142.11,314.77,2023-10-24,2024-10-23
POL-100344,CUST-20475,Health,NY,42729.03,583.8,2023-04-13,2024-04-12
POL-100345,CUST-20491,Life,IL,124610.9,1833.24,2022-03-13,2023-03-13
POL-100346,CUST-20094,Auto,ny,59329.65,1818.52,2022-11-01,2023-11-01
POL-100347,CUST-20187,Auto,TX,56998.14,1631.56,2023-08-02,2024-08-01
POL-100348,CUST-20133,Home,WA,423179.48,13681.85,2022-03-25,2023-03-25
POL-100349,CUST-20427,Auto,AZ,66300.47,1012.92,2022-06-26,2023-06-26
POL-100350,CUST-20376,Health,CO,20119.19,800.72,2022-08-17,2023-08-17
POL-100351,CUST-20466,Life,OH,476230.25,14441.28,2022-05-08,2023-05-08
POL-100352,CUST-96746,Renters,GA,21207.95,642.06,2023-04-03,2024-04-02
POL-100353,CUST-20301,Life,NY,713098.14,10557.87,2023-03-25,2024-03-24
POL-100354,CUST-20396,Life,IL,944299.37,20613.17,2022-01-30,2023-01-30
POL-100355,CUST-20483,Renters,FL,32498.56,985.94,2023-06-23,2024-06-22
POL-100356,CUST-20437,home ,AZ,698144.02,24537.67,2022-10-09,2023-10-09
POL-100357,CUST-97820,Home,IL,465325.39,5411.79,2022-03-06,2023-03-06
POL-100358,CUST-20323,home ,AZ,415814.24,11901.91,2022-01-15,2023-01-15
POL-100359,CUST-20277,RENTERS,TX,64380.11,1034.27,2023-07-10,2024-07-09
POL-100360,CUST-20080,Renters,CO,40271.29,1177.29,2023-08-08,2024-08-07
POL-100361,CUST-20099,Life,WA,703796.95,8016.59,2023-09-14,2024-09-13
POL-100362,CUST-20259,Renters,GA,66934.48,897.55,2023-01-21,2024-01-21
POL-100363,CUST-20184,Life,IL,861406.0,30935.47,2022-01-05,2023-01-05
POL-100364,CUST-20345,Auto,WA,67074.82,1759.49,2023-10-29,2024-10-28
POL-100365,CUST-20175,Health,AZ,20732.35,449.06,2023-01-19,2024-01-19
POL-100366,CUST-20153,Life,CA,925485.02,27517.89,2023-08-14,2024-08-13
POL-100367,CUST-20232,home ,IL,402141.23,8349.27,2022-03-24,2023-03-24
POL-100368,CUST-20049,life ,oh,995370.33,37897.07,2023-11-26,2024-11-25
POL-100369,CUST-20183,Renters,IL,70062.6,2646.23,2022-04-04,2023-04-04
POL-100370,CUST-20290,Health,OH,21053.82,737.24,2022-06-25,2023-06-25
POL-100371,CUST-20370,LIFE,CA,703953.82,26319.44,2023-09-23,2024-09-22
POL-100372,CUST-20113,Health,OH,38100.46,1333.2,2022-08-31,2023-08-31
POL-100373,CUST-20287,HOME,CA,620140.76,16965.99,2023-01-16,2024-01-16
POL-100374,CUST-20030,Life,OH,711719.87,8731.64,2023-08-26,2024-08-25
POL-100375,CUST-20183,Renters,AZ,35001.59,1194.99,2022-03-13,2023-03-13
POL-100376,CUST-20254,Home,IL,160409.74,3192.58,2023-08-21,2024-08-20
POL-100377,CUST-20230,renters ,NY,50708.97,1191.88,2022-05-28,2023-05-28
POL-100378,CUST-20114,Health,TX,8255.35,124.92,2023-02-25,2024-02-25
POL-100379,CUST-20092,Health,IL,34972.39,924.72,2023-07-14,2024-07-13
POL-100380,CUST-20099,Renters,oh,48251.54,1795.15,2022-09-03,2023-09-03
POL-100381,CUST-20405,Home,OH,706406.68,13293.57,2022-11-14,2023-11-14
POL-100382,CUST-20205,Home,CO,675210.17,17353.09,2022-09-02,2023-09-02
POL-100383,CUST-20332,Auto,IL,69648.43,907.68,2022-05-30,2023-05-30
POL-100384,CUST-20217,AUTO,WA,49129.24,1889.62,2023-01-28,2024-01-28
POL-100385,CUST-20003,Auto,OH,94833.19,2129.84,2023-04-05,2024-04-04
POL-100386,CUST-20256,Home,AZ,260020.3,10088.33,2023-04-11,2024-04-10
POL-100387,CUST-20380,Home,AZ,425995.87,16370.61,2022-05-12,2023-05-12
POL-100388,CUST-20368,life ,IL,83506.6,2323.6,2022-02-01,2023-02-01
POL-100389,CUST-20372,Auto,CO,38961.78,394.19,2023-01-16,2024-01-16
POL-100390,CUST-20416,Renters,GA,41742.61,1604.94,2023-11-08,2024-11-07
POL-100391,CUST-20098,Home,GA,398169.12,6532.46,2022-03-05,2023-03-05
POL-100392,CUST-20002,Health,FL,36457.04,1322.36,2022-11-24,2023-11-24
POL-100393,CUST-20178,Health,WA,39188.53,685.97,2022-04-25,2023-04-25
POL-100394,CUST-20425,Renters,NY,60585.53,2019.39,2023-09-20,2024-09-19
POL-100395,CUST-20134,HEALTH,CO,25714.72,839.53,2023-11-15,2024-11-14
POL-100396,CUST-20194,Home,FL,123768.38,2000.82,2023-08-30,2024-08-29
POL-100397,CUST-20301,Home,tx,351852.77,13304.78,2023-11-04,2024-11-03
POL-100398,CUST-20386,Auto,IL,74146.3,2228.67,2023-05-14,2024-05-13
POL-100399,CUST-20500,Home,TX,635058.24,20111.29,2023-06-19,2024-06-18
POL-100400,CUST-20372,Renters,IL,14074.42,517.46,2022-10-14,2023-10-14
POL-100401,CUST-20313,Renters,AZ,59558.24,980.73,2022-11-27,2023-11-27
POL-100402,CUST-20064,Home,CA,486623.38,11463.05,2023-06-10,2024-06-09
POL-100403,CUST-20013,Auto,OH,17468.0,595.02,2023-06-30,2024-06-29
POL-100404,CUST-20032,Renters,TX,32372.13,933.21,2023-06-04,2024-06-03
POL-100405,CUST-20097,Renters,CA,63344.92,2401.97,2023-04-17,2024-04-16
POL-100406,CUST-20307,AUTO,TX,59757.09,1401.49,2022-07-24,2023-07-24
POL-100407,CUST-20094,LIFE,AZ,59260.68,793.59,2023-03-01,2024-02-29
POL-100408,CUST-20471,Renters,GA,57207.09,886.11,2022-05-10,2023-05-10
POL-100409,CUST-20437,Renters,NY,44260.1,663.46,2023-09-21,2024-09-20
POL-100410,CUST-20287,auto ,CA,82455.21,1344.72,2022-08-18,2023-08-18
POL-100411,CUST-20059,Home,FL,601001.29,14025.04,2022-10-02,2023-10-02
POL-100412,CUST-20318,auto ,ny,78682.05,1634.33,2023-02-18,2024-02-18
POL-100413,CUST-20279,Renters,WA,72721.95,1823.92,2023-04-03,2024-04-02
POL-100414,CUST-20022,Life,CA,435841.85,9782.82,2022-08-05,2023-08-05
POL-100415,CUST-20316,Health,CO,18689.47,563.69,2022-08-15,2023-08-15
POL-100416,CUST-20371,Health,TX,12820.89,187.48,2022-09-16,2023-09-16
POL-100417,CUST-20174,Auto,FL,96914.39,1579.39,2022-01-29,2023-01-29
POL-100418,CUST-20348,Life,NY,820002.19,10241.17,2022-07-05,2023-07-05
POL-100419,CUST-20004,Home,OH,486412.63,6403.26,2022-11-17,2023-11-17
POL-100420,CUST-20009,Auto,CA,45638.82,914.17,2022-02-27,2023-02-27
POL-100421,CUST-20180,Life,ny,632283.8,6399.34,2023-09-19,2024-09-18
POL-100422,CUST-20090,Auto,AZ,38531.54,1265.45,2023-09-15,2024-09-14
POL-100423,CUST-20050,Home,AZ,593249.33,19986.78,2022-05-09,2023-05-09
POL-100424,CUST-20326,Renters,ga,47496.31,1549.69,2022-08-21,2023-08-21
POL-100425,CUST-91490,HOME,fl,382626.21,7445.76,2023-06-21,2024-06-20
POL-100426,CUST-20339,Life,CA,821141.67,17989.78,2023-11-12,2024-11-11
POL-100427,CUST-20256,Renters,TX,18613.78,719.54,2023-05-15,2024-05-14
POL-100428,CUST-20314,Health,NY,10785.69,355.99,2022-09-12,2023-09-12
POL-100429,CUST-20325,HEALTH,WA,14393.93,514.61,2022-01-03,2023-01-03
POL-100430,CUST-20458,Life,WA,642928.94,24634.55,2022-04-07,2023-04-07
POL-100431,CUST-20423,Health,AZ,32157.15,1134.01,2023-07-24,2024-07-23
POL-100432,CUST-20354,Life,TX,521006.07,19124.05,2023-06-28,2024-06-27
POL-100433,CUST-20418,Life,FL,438371.99,16592.47,2023-08-24,2024-08-23
POL-100434,CUST-20255,Life,OH,664024.05,24975.93,2023-04-02,2024-04-01
POL-100435,CUST-20401,Life,TX,90743.09,1900.91,2022-08-20,2023-08-20
POL-100436,CUST-20011,Home,IL,686101.13,12373.64,2022-03-30,2023-03-30
POL-100437,CUST-20490,Health,TX,29460.98,665.38,2022-04-06,2023-04-06
POL-100438,CUST-20324,Life,CO,59497.88,668.74,2022-04-05,2023-04-05
POL-100439,CUST-20358,Health,OH,27061.39,577.76,2023-08-22,2024-08-21
POL-100440,CUST-20378,Health,wa,44945.95,890.69,2022-04-04,2023-04-04
POL-100441,CUST-20191,Home,FL,202558.07,2753.28,2022-04-08,2023-04-08
POL-100442,CUST-20486,life ,NY,440636.58,17424.58,2022-03-20,2023-03-20
POL-100443,CUST-20410,Renters,NY,68334.69,1780.62,2023-05-22,2024-05-21
POL-100444,CUST-20364,Auto,CO,59157.12,1693.74,2022-08-25,2023-08-25
POL-100445,CUST-20365,Health,GA,38441.22,449.07,2022-10-31,2023-10-31
POL-100446,CUST-20347,Life,AZ,941238.18,34122.11,2022-09-09,2023-09-09
POL-100447,CUST-20288,Home,OH,403509.7,8121.66,2023-01-26,2024-01-26
POL-100448,CUST-20425,Life,GA,553920.11,13912.06,2022-08-02,2023-08-02
POL-100449,CUST-20465,Auto,CO,41996.9,577.2,2023-10-02,2024-10-01
POL-100450,CUST-20316,Life,TX,739182.15,27127.9,2023-01-26,2024-01-26
POL-100451,CUST-20456,Life,az,667502.11,12488.85,2022-04-03,2023-04-03
POL-100452,CUST-20323,Life,ca,464922.83,7268.22,2022-09-22,2023-09-22
POL-100453,CUST-20468,Home,NY,709091.74,12422.11,2023-04-24,2024-04-23
POL-100454,CUST-95901,home ,OH,329279.36,9693.27,2023-01-10,2024-01-10
POL-100455,CUST-20286,Life,TX,749870.04,17648.71,2023-08-28,2024-08-27
POL-100456,CUST-20431,Life,FL,180720.3,4029.76,2022-10-26,2023-10-26
POL-100457,CUST-20255,Renters,FL,63075.39,1160.01,2023-09-05,2024-09-04
POL-100458,CUST-20409,auto ,CA,49723.48,905.04,2023-06-17,2024-06-16
POL-100459,CUST-93697,Auto,tx,46401.58,931.14,2023-07-04,2024-07-03
POL-100460,CUST-92437,Home,CA,410964.7,14331.78,2022-07-26,2023-07-26
POL-100461,CUST-20494,Health,AZ,41741.68,633.59,2023-06-17,2024-06-16
POL-100462,CUST-20497,Auto,CA,35146.87,714.08,2023-09-03,2024-09-02
POL-100463,CUST-20020,Renters,FL,54225.66,1738.99,2022-01-27,2023-01-27
POL-100464,CUST-20244,Health,FL,38104.98,628.13,2023-03-06,2024-03-05
POL-100465,CUST-20480,Health,WA,15038.3,595.92,2022-03-28,2023-03-28
POL-100466,CUST-20106,Life,NY,608639.77,19997.18,2022-08-11,2023-08-11
POL-100467,CUST-20408,Auto,WA,32347.54,924.11,2022-10-21,2023-10-21
POL-100468,CUST-20447,Auto,GA,39983.77,981.81,2023-07-06,2024-07-05
POL-100469,CUST-20437,Auto,NY,52714.63,1885.99,2022-12-15,2023-12-15
POL-100470,CUST-20098,Home,AZ,333884.89,10739.45,2022-07-10,2023-07-10
POL-100471,CUST-20490,Renters,CO,30045.86,846.13,2022-06-13,2023-06-13
POL-100472,CUST-20062,Auto,GA,87780.72,1492.25,2023-03-14,2024-03-13
POL-100473,CUST-20410,health ,TX,23803.1,935.67,2022-08-27,2023-08-27
POL-100474,CUST-20149,Auto,CA,85300.23,3113.63,2023-11-26,2024-11-25
POL-100475,CUST-20286,Auto,CO,66100.05,1402.08,2023-05-05,2024-05-04
POL-100476,CUST-96189,Auto,ny,27081.24,973.89,2022-01-30,2023-01-30
POL-100477,CUST-20434,Renters,FL,17462.43,663.58,2022-05-01,2023-05-01
POL-100478,CUST-20338,Health,TX,46814.64,1801.61,2023-10-21,2024-10-20
POL-100479,CUST-20285,Life,AZ,790547.82,23598.36,2023-04-21,2024-04-20
POL-100480,CUST-20099,Health,ny,22479.23,785.78,2023-03-25,2024-03-24
POL-100481,CUST-20451,Renters,CO,47755.25,1210.96,2023-05-04,2024-05-03
POL-100482,CUST-20378,Renters,GA,18781.68,254.9,2023-07-31,2024-07-30
POL-100483,CUST-20441,Home,FL,538396.85,7626.41,2023-08-05,2024-08-04
POL-100484,CUST-20403,Home,CA,556416.11,12824.83,2023-01-14,2024-01-14
POL-100485,CUST-20151,Health,NY,10781.14,289.34,2022-08-29,2023-08-29
POL-100486,CUST-20251,Auto,CA,82202.57,3263.08,2023-02-14,2024-02-14
POL-100487,CUST-20047,Renters,AZ,26118.34,567.99,2022-06-19,2023-06-19
POL-100488,CUST-20428,HEALTH,WA,26802.42,659.59,2023-05-21,2024-05-20
POL-100489,CUST-20129,Renters,NY,25325.41,503.83,2023-08-20,2024-08-19
POL-100490,CUST-20180,Renters,NY,15803.54,429.34,2023-06-04,2024-06-03
POL-100491,CUST-20212,Health,CA,49841.63,684.23,2023-08-22,2024-08-21
POL-100492,CUST-20012,Renters,CO,56819.94,1467.48,2022-10-17,2023-10-17
POL-100493,CUST-20238,Renters,CA,31308.88,625.72,2023-03-28,2024-03-27
POL-100494,CUST-20340,Life,az,986945.47,13081.83,2022-08-20,2023-08-20
POL-100495,CUST-20418,Renters,OH,48261.47,1260.22,2023-02-08,2024-02-08
POL-100496,CUST-20227,Auto,AZ,95211.75,1533.16,2022-12-02,2023-12-02
POL-100497,CUST-20161,Renters,OH,11925.72,436.33,2023-08-29,2024-08-28
POL-100498,CUST-20396,Home,CO,311267.78,6935.24,2023-11-25,2024-11-24
POL-100499,CUST-20274,Renters,WA,17790.98,298.63,2023-10-09,2024-10-08
POL-100500,CUST-20036,Health,TX,15168.56,461.88,2023-11-15,2024-11-14
POL-100501,CUST-20086,Auto,IL,26451.68,415.91,2023-07-19,2024-07-18
POL-100502,CUST-20329,Life,GA,431641.08,9513.2,2022-02-09,2023-02-09
POL-100503,CUST-20106,auto ,OH,19151.79,765.13,2022-01-10,2023-01-10
POL-100504,CUST-20358,home ,OH,647251.32,21591.63,2022-05-14,2023-05-14
POL-100505,CUST-20275,Life,NY,716929.14,15693.42,2023-06-08,2024-06-07
POL-100506,CUST-20424,Renters,CO,53413.47,1880.14,2023-05-31,2024-05-30
POL-100507,CUST-20232,Auto,TX,76077.79,2776.94,2022-02-22,2023-02-22
POL-100508,CUST-20240,Health,FL,40009.86,1278.59,2023-05-30,2024-05-29
POL-100509,CUST-20082,Life,CO,915853.56,30990.72,2022-12-18,2023-12-18
POL-100510,CUST-20024,renters ,IL,31595.2,794.83,2022-09-09,2023-09-09
POL-100511,CUST-20119,Life,CA,139367.92,3145.84,2023-03-26,2024-03-25
POL-100512,CUST-20020,Home,IL,516008.77,8513.29,2022-12-28,2023-12-28
POL-100513,CUST-20157,Home,CO,474925.35,9497.57,2022-01-14,2023-01-14
POL-100514,CUST-20296,Auto,NY,34733.52,722.25,2023-08-11,2024-08-10
POL-100515,CUST-20196,Auto,WA,65512.44,1567.88,2022-11-08,2023-11-08
POL-100516,CUST-20155,Renters,CA,38933.86,1294.82,2023-07-15,2024-07-14
POL-100517,CUST-20496,Home,OH,517514.76,14257.63,2023-07-10,2024-07-09
POL-100518,CUST-20483,Auto,CA,24740.47,262.12,2023-04-15,2024-04-14
POL-100519,CUST-20154,Health,TX,21774.04,296.88,2023-01-25,2024-01-25
POL-100520,CUST-20254,Auto,NY,70530.84,2516.23,2022-10-11,2023-10-11
POL-100521,CUST-20185,Auto,CA,77676.51,1811.53,2023-04-03,2024-04-02
POL-100522,CUST-20138,Auto,IL,86117.7,2708.35,2023-05-27,2024-05-26
POL-100523,CUST-20223,Auto,IL,59307.91,1669.93,2022-08-01,2023-08-01
POL-100524,CUST-20137,Health,TX,13175.77,139.67,2023-06-01,2024-05-31
POL-100525,CUST-20200,Life,CA,923443.16,36018.54,2023-06-15,2024-06-14
POL-100526,CUST-20301,Health,WA,27902.83,763.88,2022-05-17,2023-05-17
POL-100527,CUST-20055,renters ,FL,61325.16,795.95,2022-03-01,2023-03-01
POL-100528,CUST-20084,Life,FL,734935.91,24876.55,2022-03-31,2023-03-31
POL-100529,CUST-20285,Life,CO,275775.42,7425.09,2023-11-05,2024-11-04
POL-100530,CUST-20144,Renters,AZ,62281.75,2393.4,2022-01-16,2023-01-16
POL-100531,CUST-20069,home ,CA,368417.0,5369.09,2023-09-11,2024-09-10
POL-100532,CUST-20282,Home,GA,573175.81,16291.99,2022-10-19,2023-10-19
POL-100533,CUST-20306,Health,AZ,27175.76,590.73,2023-04-22,2024-04-21
POL-100534,CUST-20397,LIFE,TX,76626.08,2882.21,2023-10-30,2024-10-29
POL-100535,CUST-20464,Auto,CO,47453.04,538.65,2022-12-17,2023-12-17
POL-100536,CUST-20446,Renters,AZ,16722.42,463.22,2023-07-13,2024-07-12
POL-100537,CUST-20406,Renters,CO,12311.54,405.31,2023-01-08,2024-01-08
POL-100538,CUST-96299,life ,IL,755397.23,7664.11,2022-03-20,2023-03-20
POL-100539,CUST-20438,LIFE,GA,662071.65,12706.22,2022-10-06,2023-10-06
POL-100540,CUST-20022,Renters,CA,28900.97,1031.39,2022-08-28,2023-08-28
POL-100541,CUST-20263,Life,TX,117917.8,2654.38,2023-06-05,2024-06-04
POL-100542,CUST-20132,auto ,OH,96156.18,1211.44,2023-07-18,2024-07-17
POL-100543,CUST-20210,Renters,WA,49482.24,877.59,2022-04-11,2023-04-11
POL-100544,CUST-20399,Renters,WA,24930.17,501.63,2023-09-11,2024-09-10
POL-100545,CUST-20375,Health,NY,37067.48,836.37,2022-01-09,2023-01-09
POL-100546,CUST-20389,Auto,NY,75758.59,2846.62,2022-11-26,2023-11-26
POL-100547,CUST-20289,Home,wa,693345.19,18078.98,2022-08-03,2023-08-03
POL-100548,CUST-20275,Life,CA,293480.37,8496.05,2023-05-13,2024-05-12
POL-100549,CUST-20455,Renters,tx,16005.45,324.42,2022-03-05,2023-03-05
POL-100550,CUST-20391,Auto,GA,40754.25,1572.99,2022-05-15,2023-05-15
POL-100551,CUST-20409,Auto,AZ,62614.26,1362.56,2023-01-21,2024-01-21
POL-100552,CUST-20259,Life,AZ,318406.44,8239.76,2022-07-21,2023-07-21
POL-100553,CUST-20280,Health,CO,28879.33,1033.0,2022-02-09,2023-02-09
POL-100554,CUST-20314,Renters,CA,42427.69,1665.32,2023-08-30,2024-08-29
POL-100555,CUST-20161,Home,NY,133288.57,3761.47,2023-11-10,2024-11-09
POL-100556,CUST-20069,Home,WA,375806.85,7185.71,2023-09-11,2024-09-10
POL-100557,CUST-20389,Renters,GA,41686.24,1664.06,2022-11-07,2023-11-07
POL-100558,CUST-20137,Health,CA,22903.66,875.02,2022-03-26,2023-03-26
POL-100559,CUST-20029,Health,CA,28948.16,629.92,2023-10-20,2024-10-19
POL-100560,CUST-20184,Auto,FL,21147.99,267.78,2022-12-13,2023-12-13
POL-100561,CUST-20445,Home,GA,662251.05,9274.16,2023-11-27,2024-11-26
POL-100562,CUST-20176,Health,IL,17994.91,379.59,2023-06-13,2024-06-12
POL-100563,CUST-20218,Home,CO,145769.15,2352.85,2022-09-27,2023-09-27
POL-100564,CUST-20369,Health,WA,15122.94,345.0,2022-08-19,2023-08-19
POL-100565,CUST-20370,Renters,CO,18910.98,535.13,2022-11-11,2023-11-11
POL-100566,CUST-20444,Home,WA,403931.36,12431.7,2023-03-16,2024-03-15
POL-100567,CUST-96717,Auto,CO,32112.55,554.4,2022-11-27,2023-11-27
POL-100568,CUST-99508,Home,TX,397377.24,8733.36,2023-04-18,2024-04-17
POL-100569,CUST-20295,Life,OH,358642.04,5086.43,2023-08-17,2024-08-16
POL-100570,CUST-20368,Auto,NY,57350.79,1213.87,2022-04-29,2023-04-29
POL-100571,CUST-20415,Auto,WA,47220.08,1599.1,2023-06-20,2024-06-19
POL-100572,CUST-20034,Renters,CO,13437.96,211.5,2022-05-04,2023-05-04
POL-100573,CUST-20032,Life,AZ,958762.92,19562.91,2022-01-25,2023-01-25
POL-100574,CUST-20092,Auto,WA,20311.83,343.32,2023-01-09,2024-01-09
POL-100575,CUST-20010,Life,FL,120855.93,4747.36,2023-11-28,2024-11-27
POL-100576,CUST-20319,Life,IL,341206.45,5114.05,2022-02-07,2023-02-07
POL-100577,CUST-94516,Health,IL,9567.6,331.8,2022-02-18,2023-02-18
POL-100578,CUST-20125,Home,AZ,463495.02,17155.16,2022-08-05,2023-08-05
POL-100579,CUST-20003,Renters,GA,35248.67,798.84,2022-08-07,2023-08-07
POL-100580,CUST-20060,Health,NY,28534.07,823.94,2023-11-19,2024-11-18
POL-100581,CUST-20082,Home,IL,436225.81,7642.47,2023-10-14,2024-10-13
POL-100582,CUST-20269,Life,GA,579317.35,22225.12,2023-11-11,2024-11-10
POL-100583,CUST-20228,Health,AZ,30117.94,696.5,2023-09-03,2024-09-02
POL-100584,CUST-20432,Life,FL,118868.13,4700.25,2022-07-06,2023-07-06
POL-100585,CUST-20042,RENTERS,AZ,11387.89,116.32,2022-03-26,2023-03-26
POL-100586,CUST-20306,Life,az,367707.47,13852.98,2023-02-27,2024-02-27
POL-100587,CUST-20192,Renters,WA,32428.34,1211.32,2022-08-27,2023-08-27
POL-100588,CUST-20411,Home,FL,664104.21,13608.59,2022-08-21,2023-08-21
POL-100589,CUST-20025,Renters,CA,46469.3,989.23,2023-06-19,2024-06-18
POL-100590,CUST-20346,Auto,CA,88954.33,2731.75,2022-06-17,2023-06-17
POL-100591,CUST-20091,Health,IL,35934.59,1016.24,2023-01-25,2024-01-25
POL-100592,CUST-20453,HOME,GA,506241.43,15746.46,2022-09-19,2023-09-19
POL-100593,CUST-20091,Auto,IL,89078.62,1676.76,2022-11-08,2023-11-08
POL-100594,CUST-20246,LIFE,NY,206869.04,4135.51,2022-03-15,2023-03-15
POL-100595,CUST-20197,Renters,GA,60946.99,2175.41,2022-11-06,2023-11-06
POL-100596,CUST-20365,Home,WA,364753.62,9696.19,2023-09-28,2024-09-27
POL-100597,CUST-20100,Home,FL,618930.28,20413.52,2022-06-20,2023-06-20
POL-100598,CUST-20069,life ,IL,786181.19,20244.63,2022-08-14,2023-08-14
POL-100599,CUST-20407,Renters,WA,52881.36,738.24,2022-12-08,2023-12-08
POL-100600,CUST-20107,Renters,AZ,44126.81,461.85,2022-07-27,2023-07-27
POL-100601,CUST-20355,Home,TX,396222.99,5211.12,2023-02-28,2024-02-28
POL-100602,CUST-20337,Home,CO,673094.19,23651.72,2023-04-02,2024-04-01
POL-100603,CUST-20239,Auto,ny,65468.85,2473.82,2023-09-27,2024-09-26
POL-100604,CUST-20304,Life,IL,171834.36,5299.16,2022-11-19,2023-11-19
POL-100605,CUST-20384,Home,WA,369811.43,11567.21,2023-10-04,2024-10-03
POL-100606,CUST-20190,AUTO,WA,80465.69,3057.19,2022-03-13,2023-03-13
POL-100607,CUST-20016,home ,CA,717129.16,18822.56,2022-07-02,2023-07-02
POL-100608,CUST-97098,Renters,TX,69507.06,1582.33,2022-05-14,2023-05-14
POL-100609,CUST-20031,Auto,WA,76447.21,1979.62,2022-03-07,2023-03-07
POL-100610,CUST-20055,Home,CA,660661.24,9674.36,2022-03-28,2023-03-28
POL-100611,CUST-20100,Health,WA,39156.16,1389.1,2022-02-16,2023-02-16
POL-100612,CUST-20376,life ,GA,734788.69,10951.0,2022-04-10,2023-04-10
POL-100613,CUST-20187,Home,CO,517918.43,18045.03,2023-10-06,2024-10-05
POL-100614,CUST-20463,home ,IL,213499.34,8383.73,2023-01-04,2024-01-04
POL-100615,CUST-20254,Life,oh,345539.74,5205.92,2023-04-16,2024-04-15
POL-100616,CUST-20094,Life,CA,654125.92,7018.19,2023-06-22,2024-06-21
POL-100617,CUST-20182,Home,WA,490289.57,11210.81,2023-03-06,2024-03-05
POL-100618,CUST-20055,Home,ny,718320.91,13484.59,2023-03-22,2024-03-21
POL-100619,CUST-20339,Auto,oh,56243.61,598.58,2023-06-21,2024-06-20
POL-100620,CUST-20397,Auto,IL,51970.21,1513.85,2023-06-19,2024-06-18
POL-100621,CUST-20337,Home,IL,213673.05,4325.04,2022-07-01,2023-07-01
POL-100622,CUST-20138,Home,CA,579751.46,13088.09,2022-09-20,2023-09-20
POL-100623,CUST-20304,Auto,FL,36033.62,520.13,2022-08-04,2023-08-04
POL-100624,CUST-20085,Renters,FL,11156.58,370.33,2023-03-03,2024-03-02
POL-100625,CUST-20220,Auto,FL,54088.43,1010.5,2022-11-24,2023-11-24
POL-100626,CUST-20134,Life,NY,133409.94,4199.85,2022-12-04,2023-12-04
POL-100627,CUST-20181,Health,FL,44090.24,876.11,2023-03-15,2024-03-14
POL-100628,CUST-20139,renters ,TX,37940.56,1468.84,2022-10-01,2023-10-01
POL-100629,CUST-20009,Auto,IL,38911.83,841.63,2022-07-11,2023-07-11
POL-100630,CUST-20313,Home,NY,367507.69,10274.05,2022-08-06,2023-08-06
POL-100631,CUST-20150,Auto,WA,47831.63,1810.36,2022-01-21,2023-01-21
POL-100632,CUST-20420,Auto,il,81330.43,1494.39,2023-11-16,2024-11-15
POL-100633,CUST-20283,Life,GA,129253.58,4771.68,2023-11-15,2024-11-14
POL-100634,CUST-20166,Home,NY,588735.8,12220.61,2023-04-09,2024-04-08
POL-100635,CUST-20361,life ,CO,681413.58,10459.47,2022-01-13,2023-01-13
POL-100636,CUST-20228,HOME,FL,325596.86,10192.6,2022-09-02,2023-09-02
POL-100637,CUST-20138,Auto,NY,61778.38,1769.57,2022-07-20,2023-07-20
POL-100638,CUST-20023,Life,FL,571281.95,12989.75,2022-11-25,2023-11-25
POL-100639,CUST-20039,Health,CA,26447.97,811.93,2022-05-05,2023-05-05
POL-100640,CUST-20389,home ,WA,741724.86,12425.81,2022-12-16,2023-12-16
POL-100641,CUST-20177,Life,NY,941380.03,18212.08,2022-07-28,2023-07-28
POL-100642,CUST-20433,Renters,FL,43754.41,827.85,2022-07-05,2023-07-05
POL-100643,CUST-20357,Renters,TX,72699.19,2232.04,2022-08-21,2023-08-21
POL-100644,CUST-20362,Renters,OH,30912.54,1073.12,2023-06-19,2024-06-18
POL-100645,CUST-20137,Renters,FL,48439.01,1278.62,2022-02-11,2023-02-11
POL-100646,CUST-20095,Home,AZ,387018.45,8939.63,2023-11-06,2024-11-05
POL-100647,CUST-20369,Health,GA,39890.42,652.5,2023-02-04,2024-02-04
POL-100648,CUST-20239,Life,ca,185879.0,5542.46,2022-08-27,2023-08-27
POL-100649,CUST-20212,Life,NY,360767.46,6090.41,2022-04-12,2023-04-12
POL-100650,CUST-20013,Health,GA,14296.67,179.21,2022-01-09,2023-01-09
POL-100651,CUST-20070,Home,NY,366005.22,10983.77,2022-09-26,2023-09-26
POL-100652,CUST-20284,Home,CO,629613.61,12313.84,2022-07-10,2023-07-10
POL-100653,CUST-20270,Life,ny,104699.78,1739.33,2022-04-24,2023-04-24
POL-100654,CUST-95060,HEALTH,WA,10628.47,235.01,2022-05-14,2023-05-14
POL-100655,CUST-20175,Health,TX,6403.19,207.98,2023-04-12,2024-04-11
POL-100656,CUST-20151,Auto,IL,63241.3,2104.49,2022-06-28,2023-06-28
POL-100657,CUST-20066,Health,ga,46117.18,1689.98,2022-03-04,2023-03-04
POL-100658,CUST-20182,Renters,OH,29093.27,395.52,2022-07-22,2023-07-22
POL-100659,CUST-20135,Health,co,21698.67,778.94,2022-11-10,2023-11-10
POL-100660,CUST-20072,health ,CO,44489.65,1269.34,2022-03-12,2023-03-12
POL-100661,CUST-20264,Renters,wa,33036.8,908.0,2022-01-26,2023-01-26
POL-100662,CUST-20467,Auto,CO,35816.05,479.08,2023-09-14,2024-09-13
POL-100663,CUST-20195,Home,CA,114828.62,1259.4,2022-07-10,2023-07-10
POL-100664,CUST-20096,Auto,NY,92824.42,2519.7,2022-12-22,2023-12-22
POL-100665,CUST-20065,Health,AZ,22690.9,780.62,2023-09-06,2024-09-05
POL-100666,CUST-20042,Health,CO,31136.39,440.82,2023-01-12,2024-01-12
POL-100667,CUST-97838,Renters,CO,55430.44,1283.11,2023-06-18,2024-06-17
POL-100668,CUST-20374,Health,FL,32925.03,1280.02,2022-12-17,2023-12-17
POL-100669,CUST-20421,Auto,FL,19313.43,736.19,2022-07-21,2023-07-21
POL-100670,CUST-98189,Life,oh,222966.63,2919.55,2022-11-13,2023-11-13
POL-100671,CUST-20442,Life,IL,360851.15,12261.51,2023-03-06,2024-03-05
POL-100672,CUST-20029,Health,tx,18982.76,218.61,2023-11-08,2024-11-07
POL-100673,CUST-20353,Auto,TX,78378.53,2260.24,2023-01-04,2024-01-04
POL-100674,CUST-20065,Renters,CO,58436.39,1907.2,2023-07-07,2024-07-06
POL-100675,CUST-20309,Life,OH,944379.4,18735.7,2023-04-29,2024-04-28
POL-100676,CUST-20481,Life,FL,846711.19,19930.71,2023-07-23,2024-07-22
POL-100677,CUST-20068,Auto,CA,56465.56,631.79,2023-07-19,2024-07-18
POL-100678,CUST-20018,Health,NY,44847.51,1304.56,2023-08-01,2024-07-31
POL-100679,CUST-20084,Auto,TX,48077.23,582.97,2022-01-26,2023-01-26
POL-100680,CUST-20120,Auto,AZ,36730.81,757.99,2022-12-29,2023-12-29
POL-100681,CUST-20303,Auto,TX,69236.94,2368.22,2023-07-10,2024-07-09
POL-100682,CUST-20361,Health,IL,21730.26,412.14,2022-07-21,2023-07-21
POL-100683,CUST-20190,Life,CO,97582.15,3511.53,2023-02-09,2024-02-09
POL-100684,CUST-97822,Renters,WA,24083.28,827.43,2023-10-16,2024-10-15
POL-100685,CUST-20169,LIFE,GA,716048.87,14582.19,2022-05-19,2023-05-19
POL-100686,CUST-20112,Life,wa,262642.42,3622.59,2023-01-25,2024-01-25
POL-100687,CUST-20220,Home,TX,230320.8,7664.81,2023-02-22,2024-02-22
POL-100688,CUST-20281,Renters,OH,73013.74,2162.75,2022-02-13,2023-02-13
POL-100689,CUST-20393,Auto,OH,36211.66,1213.41,2023-04-08,2024-04-07
POL-100690,CUST-20139,Auto,fl,67089.84,2344.33,2022-10-18,2023-10-18
POL-100691,CUST-20278,health ,GA,28840.08,901.28,2022-09-08,2023-09-08
POL-100692,CUST-20036,Life,GA,227297.31,3556.15,2023-04-05,2024-04-04
POL-100693,CUST-20327,Health,AZ,8776.83,316.9,2023-09-04,2024-09-03
POL-100694,CUST-20099,Life,GA,534542.95,7433.92,2023-04-14,2024-04-13
POL-100695,CUST-20418,Auto,FL,91713.63,2255.03,2023-06-12,2024-06-11
POL-100696,CUST-20260,Home,TX,211471.52,2524.29,2022-09-30,2023-09-30
POL-100697,CUST-20448,Home,AZ,153570.19,4110.32,2023-02-04,2024-02-04
POL-100698,CUST-20296,Renters,NY,34031.14,1196.56,2022-05-07,2023-05-07
POL-100699,CUST-20112,Life,FL,787087.04,20962.32,2022-09-14,2023-09-14
POL-100700,CUST-20205,Auto,AZ,45715.42,1489.91,2023-11-07,2024-11-06
POL-100701,CUST-20049,Auto,WA,84035.01,2046.26,2023-10-27,2024-10-26
POL-100702,CUST-20178,Health,WA,35361.48,1216.17,2022-03-29,2023-03-29
POL-100703,CUST-20333,Home,co,348598.63,9232.41,2023-09-12,2024-09-11
POL-100704,CUST-20029,Renters,OH,23848.11,555.49,2022-09-01,2023-09-01
POL-100705,CUST-20171,Home,CA,278755.65,3846.51,2022-11-18,2023-11-18
POL-100706,CUST-20132,Renters,GA,62663.67,1802.29,2023-11-13,2024-11-12
POL-100707,CUST-20267,LIFE,TX,652998.98,24154.28,2022-05-06,2023-05-06
POL-100708,CUST-20322,Renters,WA,62654.72,1395.58,2022-08-31,2023-08-31
POL-100709,CUST-98805,Life,TX,319427.78,8267.0,2022-08-12,2023-08-12
POL-100710,CUST-20130,Auto,CO,89468.63,3466.78,2023-08-03,2024-08-02
POL-100711,CUST-20035,Life,ca,964758.6,21445.48,2022-10-03,2023-10-03
POL-100712,CUST-20087,home ,CO,470257.89,6407.27,2022-08-15,2023-08-15
POL-100713,CUST-20344,Life,WA,471642.47,15704.67,2023-07-26,2024-07-25
POL-100714,CUST-20105,Renters,GA,20714.64,289.21,2022-07-22,2023-07-22
POL-100715,CUST-20030,Auto,GA,43587.77,674.96,2022-02-09,2023-02-09
POL-100716,CUST-20459,Renters,WA,21148.3,269.37,2023-04-01,2024-03-31
POL-100717,CUST-20360,Home,GA,350677.41,5138.67,2022-02-03,2023-02-03
POL-100718,CUST-20131,Health,CA,46389.62,493.56,2022-01-22,2023-01-22
POL-100719,CUST-20158,Life,TX,77319.52,1376.67,2022-10-16,2023-10-16
POL-100720,CUST-20286,Renters,IL,66645.57,2379.54,2022-01-31,2023-01-31
POL-100721,CUST-20422,Health,AZ,16976.95,197.26,2023-07-27,2024-07-26
POL-100722,CUST-20422,Auto,FL,78067.73,1402.12,2022-02-19,2023-02-19
POL-100723,CUST-20460,Auto,NY,92661.97,2047.29,2022-04-06,2023-04-06
POL-100724,CUST-20404,Health,WA,26512.81,410.55,2022-03-11,2023-03-11
POL-100725,CUST-20178,Auto,FL,83773.8,3138.39,2023-02-27,2024-02-27
POL-100726,CUST-20289,Home,OH,639718.4,21124.93,2023-09-12,2024-09-11
POL-100727,CUST-20276,Renters,CO,35395.72,433.6,2023-11-09,2024-11-08
POL-100728,CUST-20140,Home,WA,115288.57,3016.9,2023-09-30,2024-09-29
POL-100729,CUST-20027,Auto,CA,83071.91,1253.94,2023-08-15,2024-08-14
POL-100730,CUST-20143,Life,IL,418573.53,9524.6,2023-08-31,2024-08-30
POL-100731,CUST-20321,Home,WA,529540.3,6461.06,2022-04-27,2023-04-27
POL-100732,CUST-20005,Home,NY,133539.76,2036.82,2023-04-30,2024-04-29
POL-100733,CUST-20354,AUTO,TX,60745.19,1390.48,2023-10-03,2024-10-02
POL-100734,CUST-20482,Health,GA,48523.29,1247.0,2022-11-02,2023-11-02
POL-100735,CUST-20360,Health,TX,45034.87,702.11,2023-01-23,2024-01-23
POL-100736,CUST-20454,Auto,CO,16781.61,595.15,2023-05-31,2024-05-30
POL-100737,CUST-20006,Health,CO,25323.65,328.13,2022-07-10,2023-07-10
POL-100738,CUST-20382,Health,AZ,30725.93,832.69,2023-10-15,2024-10-14
POL-100739,CUST-20354,Health,OH,17119.94,625.18,2023-04-07,2024-04-06
POL-100740,CUST-20015,life ,WA,836929.62,19812.69,2022-04-25,2023-04-25
POL-100741,CUST-20091,Life,CO,274528.38,5175.34,2023-07-07,2024-07-06
POL-100742,CUST-20278,Health,GA,45573.84,1008.91,2023-10-15,2024-10-14
POL-100743,CUST-20341,Auto,OH,64786.2,956.53,2022-03-24,2023-03-24
POL-100744,CUST-20147,Auto,co,65601.84,2582.15,2022-06-03,2023-06-03
POL-100745,CUST-20420,Renters,WA,68247.52,1489.94,2022-07-09,2023-07-09
POL-100746,CUST-20278,Life,CA,293251.78,8026.34,2022-01-25,2023-01-25
POL-100747,CUST-20159,Life,WA,585147.13,19183.5,2022-02-03,2023-02-03
POL-100748,CUST-20107,Home,AZ,153169.4,4802.46,2022-09-11,2023-09-11
POL-100749,CUST-20059,Health,TX,49486.92,751.36,2022-10-02,2023-10-02
POL-100750,CUST-20133,Home,AZ,371309.31,9146.51,2022-07-12,2023-07-12
POL-100751,CUST-20040,Auto,IL,89171.63,1267.73,2023-01-15,2024-01-15
POL-100752,CUST-20419,Auto,TX,16670.32,333.12,2023-01-23,2024-01-23
POL-100753,CUST-20419,Health,OH,44473.71,766.73,2022-10-21,2023-10-21
POL-100754,CUST-20009,HEALTH,tx,12384.87,390.0,2022-08-18,2023-08-18
POL-100755,CUST-20252,Life,FL,83990.21,2592.71,2022-07-12,2023-07-12
POL-100756,CUST-20026,Health,IL,26072.47,602.5,2023-09-14,2024-09-13
POL-100757,CUST-20190,Auto,OH,84438.8,1816.77,2023-07-13,2024-07-12
POL-100758,CUST-20140,Life,OH,512516.62,9261.26,2023-09-18,2024-09-17
POL-100759,CUST-20418,Health,ca,42017.88,1431.42,2022-07-17,2023-07-17
POL-100760,CUST-20352,life ,OH,770277.54,8809.43,2023-08-06,2024-08-05
POL-100761,CUST-20104,renters ,FL,38738.96,963.65,2023-04-23,2024-04-22
POL-100762,CUST-20350,Life,FL,538318.36,21048.53,2022-10-24,2023-10-24
POL-100763,CUST-20485,Health,AZ,12530.58,363.74,2023-06-27,2024-06-26
POL-100764,CUST-20220,Life,OH,768003.1,16716.84,2023-03-27,2024-03-26
POL-100765,CUST-20446,Home,TX,270390.79,3249.5,2022-10-19,2023-10-19
POL-100766,CUST-20385,Renters,CA,58410.37,1159.87,2022-07-11,2023-07-11
POL-100767,CUST-20108,Auto,CO,51560.97,982.65,2023-08-11,2024-08-10
POL-100768,CUST-20445,Auto,NY,43524.18,1681.43,2023-09-20,2024-09-19
POL-100769,CUST-20043,Home,CA,530911.97,19297.51,2023-01-23,2024-01-23
POL-100770,CUST-20277,Auto,AZ,52008.56,1762.69,2023-07-13,2024-07-12
POL-100771,CUST-20254,HEALTH,OH,43482.47,648.31,2023-10-18,2024-10-17
POL-100772,CUST-20371,Health,OH,47969.22,636.27,2023-11-09,2024-11-08
POL-100773,CUST-20263,Home,CO,475342.54,10379.08,2022-04-04,2023-04-04
POL-100774,CUST-20384,Life,WA,731352.09,14014.29,2022-10-16,2023-10-16
POL-100775,CUST-20308,auto ,tx,69131.53,2137.28,2023-04-20,2024-04-19
POL-100776,CUST-20171,Life,AZ,115446.28,3225.4,2022-09-21,2023-09-21
POL-100777,CUST-20388,Auto,az,60269.99,1262.5,2023-07-07,2024-07-06
POL-100778,CUST-20297,Health,AZ,11667.38,156.15,2022-04-20,2023-04-20
POL-100779,CUST-20099,Home,NY,577424.1,13770.8,2023-01-20,2024-01-20
POL-100780,CUST-20124,LIFE,WA,893933.1,16565.74,2023-03-08,2024-03-07
POL-100781,CUST-20193,Home,NY,625010.66,9286.05,2023-05-09,2024-05-08
POL-100782,CUST-20005,Auto,IL,38516.5,476.15,2023-08-28,2024-08-27
POL-100783,CUST-20343,Renters,TX,64570.85,2343.58,2023-08-30,2024-08-29
POL-100784,CUST-20083,Renters,CA,38504.16,780.26,2023-04-03,2024-04-02
POL-100785,CUST-20001,Health,CA,42325.49,996.59,2022-04-02,2023-04-02
POL-100786,CUST-20112,Home,FL,215120.01,5779.38,2023-02-06,2024-02-06
POL-100787,CUST-20129,Life,TX,575563.1,18800.97,2022-10-06,2023-10-06
POL-100788,CUST-20396,Life,AZ,755049.5,30163.36,2023-01-21,2024-01-21
POL-100789,CUST-20254,health ,wa,15208.05,586.33,2022-05-20,2023-05-20
POL-100790,CUST-20324,Renters,AZ,30009.17,951.25,2023-06-24,2024-06-23
POL-100791,CUST-20402,Home,OH,421168.96,10220.4,2022-02-13,2023-02-13
POL-100792,CUST-20104,Life,TX,90221.82,1680.75,2023-06-11,2024-06-10
POL-100793,CUST-20129,Renters,WA,47742.12,676.13,2022-06-13,2023-06-13
POL-100794,CUST-20189,Life,NY,422794.31,8241.7,2023-04-27,2024-04-26
POL-100795,CUST-20465,Home,CO,440039.97,7032.44,2022-10-06,2023-10-06
POL-100796,CUST-98230,Renters,WA,55618.62,1152.65,2022-02-03,2023-02-03
POL-100797,CUST-20408,renters ,GA,13577.59,532.39,2023-01-02,2024-01-02
POL-100798,CUST-20408,Renters,FL,59663.36,1932.56,2023-02-20,2024-02-20
POL-100799,CUST-20458,home ,ga,642340.65,9238.81,2023-03-27,2024-03-26
POL-100800,CUST-20175,Life,CO,185147.89,2103.07,2022-02-08,2023-02-08
